movieId, Title, Director, Budget, Cumulative, Runtime
1,Toy Story,John Lasseter,30000000,394436586,81 min
2,Jumanji,Joe Johnston,65000000,262821940,104 min
3,Grumpier Old Men,Howard Deutch,25000000,71500000,101 min
4,Waiting to Exhale,Forest Whitaker,16000000,81452156,124 min
5,Father of the Bride Part II,Charles Shyer,0,76594107,106 min
6,Heat,Michael Mann,60000000,187400000,170 min
7,Sabrina,Sydney Pollack,58000000,53672080,127 min
8,Tom and Huck,Peter Hewitt,0,23920048,97 min
9,Sudden Death,Peter Hyams,35000000,64350171,111 min
10,GoldenEye,Martin Campbell,60000000,352194034,130 min
11,The American President,Rob Reiner,62000000,107879496,114 min
12,Dracula: Dead and Loving It,Mel Brooks,30000000,10772144,88 min
13,Balto,Simon Wells,31000000,11348324,78 min
14,Nixon,Oliver Stone,44000000,13681765,192 min
15,Cutthroat Island,Renny Harlin,98000000,16000000,124 min
16,Casino,Martin Scorsese,50000000,116112375,178 min
17,Sense and Sensibility,Ang Lee,16000000,134582776,136 min
18,Four Rooms,"Allison Anders, Alexandre Rockwell, Robert Rodriguez",4000000,4257354,98 min
19,Ace Ventura: When Nature Calls,Steve Oedekerk,30000000,212385533,90 min
20,Money Train,Joseph Ruben,68000000,77224232,110 min
21,Get Shorty,Barry Sonnenfeld,30250000,115101622,105 min
22,Copycat,Jon Amiel,20000000,32000000,123 min
23,Assassins,Richard Donner,50000000,30303072,133 min
24,Powder,Victor Salva,9500000,30900000,111 min
25,Leaving Las Vegas,Mike Figgis,3600000,49800000,111 min
26,Othello,Oliver Parker,11000000,2800000,123 min
27,Now and Then,Lesli Linka Glatter,12000000,27400000,102 min
28,Persuasion,Roger Michell,0,0,103 min
29,The City of Lost Children,"Marc Caro, Jean-Pierre Jeunet",18000000,1738611,112 min
30,Shanghai Triad,Yimou Zhang,2300000,0,108 min
31,Dangerous Minds,John N. Smith,23000000,179519401,99 min
32,12 Monkeys,Terry Gilliam,29000000,168841459,129 min
34,Babe,Chris Noonan,30000000,254100000,91 min
36,Dead Man Walking,Tim Robbins,11000000,39363635,122 min
38,It Takes Two,Andy Tennant,19474589,19474589,101 min
39,Clueless,Amy Heckerling,12000000,56631572,97 min
40,"Cry, the Beloved Country",Darrell Roodt,0,676525,106 min
41,Richard III,Richard Loncraine,0,2748518,104 min
42,Dead Presidents,"Albert Hughes, Allen Hughes",10000000,24100000,119 min
43,Restoration,Michael Hoffman,19000000,4005941,117 min
44,Mortal Kombat,Paul W.S. Anderson,18000000,122195920,101 min
45,To Die For,Gus Van Sant,20000000,21300000,106 min
46,How to Make an American Quilt,Jocelyn Moorhouse,10000000,41200020,117 min
47,Se7en,David Fincher,33000000,327311859,127 min
48,Pocahontas,"Mike Gabriel, Eric Goldberg",55000000,346100000,81 min
49,When Night Is Falling,Patricia Rozema,0,0,94 min
50,The Usual Suspects,Bryan Singer,6000000,23300000,106 min
52,Mighty Aphrodite,Woody Allen,15000000,6700000,95 min
53,Lamerica,Gianni Amelio,0,0,116 min
54,The Big Green,Holly Goldberg Sloan,0,0,100 min
55,Georgia,Ulu Grosbard,0,1110974,115 min
57,Home for the Holidays,Jodie Foster,20000000,22119269,103 min
58,The Postman,"Michael Radford, Massimo Troisi",3000000,33000000,108 min
60,The Indian in the Cupboard,Frank Oz,45000000,35700000,96 min
61,Eye for an Eye,John Schlesinger,20000000,26877589,101 min
62,Mr. Holland's Opus,Stephen Herek,31000000,106300000,144 min
63,Don't Be a Menace to South Central While Drinking Your Juice in the Hood,Paris Barclay,3800000,20100000,89 min
64,Two If by Sea,Bill Bennett,0,10658278,96 min
65,Bio-Dome,Jason Bloom,8500000,13400000,88 min
66,Lawnmower Man 2: Beyond Cyberspace,Farhad Mann,15000000,2409225,93 min
68,French Twist,Josiane Balasko,0,0,104 min
69,Friday,F. Gary Gray,3500000,28215918,91 min
70,From Dusk Till Dawn,Robert Rodriguez,19000000,25800000,108 min
71,Fair Game,Andrew Sipes,50000000,11500000,91 min
72,Kicking and Screaming,Noah Baumbach,0,718490,96 min
73,Les Misérables,Claude Lelouch,0,0,175 min
74,Bed of Roses,Michael Goldenberg,0,19030691,87 min
75,Big Bully,Steve Miner,15000000,2042530,90 min
76,Screamers,Christian Duguay,20000000,5781885,108 min
77,Nico Icon,Susanne Ofteringer,0,0,67 min
78,The Crossing Guard,Sean Penn,0,0,111 min
79,The Juror,Brian Gibson,44000000,22754725,118 min
80,The White Balloon,Jafar Panahi,0,0,85 min
81,Things to Do in Denver When You're Dead,Gary Fleder,8000000,529766,115 min
82,Antonia's Line,Marleen Gorris,900000,0,102 min
83,Once Upon a Time... When We Were Colored,Tim Reid,0,0,115 min
85,Angels and Insects,Philip Haas,0,0,116 min
86,White Squall,Ridley Scott,38000000,10300000,129 min
87,Dunston Checks In,Ken Kwapis,16000000,0,88 min
88,Black Sheep,Penelope Spheeris,32400000,32000000,87 min
89,Nick of Time,John Badham,33000000,8175346,90 min
92,Mary Reilly,Stephen Frears,47000000,12379402,108 min
93,Vampire in Brooklyn,Wes Craven,14000000,19800000,100 min
94,Beautiful Girls,Ted Demme,16000000,27000000,112 min
95,Broken Arrow,John Woo,50000000,150300000,108 min
96,A Midwinter's Tale,Kenneth Branagh,0,0,99 min
97,La haine,Mathieu Kassovitz,2600000,15300000,98 min
99,Heidi Fleiss: Hollywood Madam,Nick Broomfield,0,0,106 min
100,City Hall,Harold Becker,40000000,33440204,111 min
101,Bottle Rocket,Wes Anderson,7000000,1040879,91 min
102,Mr. Wrong,Nick Castle,0,0,96 min
103,Unforgettable,John Dahl,18000000,0,117 min
104,Happy Gilmore,Dennis Dugan,12000000,41205099,92 min
105,The Bridges of Madison County,Clint Eastwood,24000000,182000000,135 min
106,Nobody Loves Me,Doris Dörrie,0,0,104 min
107,Muppet Treasure Island,Brian Henson,31000000,34300000,99 min
108,Catwalk,Robert Leacock,0,0,95 min
110,Braveheart,Mel Gibson,72000000,213216216,178 min
111,Taxi Driver,Martin Scorsese,1900000,28579636,114 min
112,Rumble in the Bronx,Stanley Tong,7500000,76028558,87 min
113,Before and After,Barbet Schroeder,35000000,8797839,108 min
116,Anne Frank Remembered,Jon Blair,0,0,117 min
117,The Young Poisoner's Handbook,Benjamin Ross,None,None,99 min
118,If Lucy Fell,Eric Schaeffer,5000000,2420162,92 min
119,Steal Big Steal Little,Andrew Davis,25000000,6278139,135 min
121,The Boys of St. Vincent,John N. Smith,0,204540,93 min
122,Boomerang,Reginald Hudlin,40000000,131052444,117 min
123,Chungking Express,Wong Kar-Wai,160000,0,102 min
125,Flirting with Disaster,David O. Russell,7000000,14702438,92 min
126,The NeverEnding Story III,Peter MacDonald,17000000,0,95 min
128,Jupiter's Wife,Michel Negroponte,0,0,87 min
129,Pie in the Sky,Bryan Gordon,0,0,95 min
132,Jade,William Friedkin,50000000,9851610,95 min
135,Down Periscope,David S. Ward,0,37553585,92 min
137,Man of the Year,Dirk Shafer,0,209935,86 min
140,Up Close & Personal,Jon Avnet,60000000,100688562,124 min
141,The Birdcage,Mike Nichols,31000000,185300000,117 min
144,The Brothers McMullen,Edward Burns,0,0,98 min
145,Bad Boys,Michael Bay,19000000,141407024,119 min
146,The Amazing Panda Adventure,Christopher Cain,0,7506759,84 min
147,The Basketball Diaries,Scott Kalvert,2000000,2381087,102 min
148,An Awfully Big Adventure,Mike Newell,4000000,851545,112 min
149,Amateur,Hal Hartley,0,0,105 min
150,Apollo 13,Ron Howard,52000000,355237933,140 min
151,Rob Roy,Michael Caton-Jones,28000000,31600000,139 min
152,The Addiction,Abel Ferrara,0,0,82 min
153,Batman Forever,Joel Schumacher,100000000,336529144,121 min
154,Belle de Jour,Luis Buñuel,0,0,100 min
155,Beyond Rangoon,John Boorman,23000000,14700000,100 min
156,Blue in the Face,"Paul Auster, Wayne Wang, Harvey Wang",2000000,1300000,83 min
157,Canadian Bacon,Michael Moore,11000000,178104,91 min
158,Casper,Brad Silberling,50000000,287928194,100 min
159,Clockers,Spike Lee,25000000,13100000,128 min
160,Congo,Frank Marshall,50000000,152022101,109 min
161,Crimson Tide,Tony Scott,53000000,157387195,116 min
162,Crumb,Terry Zwigoff,0,3041083,119 min
163,Desperado,Robert Rodriguez,7000000,25405445,104 min
164,Devil in a Blue Dress,Carl Franklin,27000000,16140822,102 min
165,Die Hard with a Vengeance,John McTiernan,90000000,366101666,128 min
166,The Doom Generation,Gregg Araki,800000,284785,83 min
168,First Knight,Jerry Zucker,55000000,127600435,134 min
169,Free Willy 2: The Adventure Home,Dwight H. Little,31000000,30000000,95 min
170,Hackers,Iain Softley,20000000,7563728,105 min
171,Jeffrey,Christopher Ashley,0,3487767,92 min
172,Johnny Mnemonic,Robert Longo,25000000,19075720,96 min
173,Judge Dredd,Danny Cannon,90000000,113493481,96 min
174,Jury Duty,John Fortenberry,0,17014653,88 min
175,Kids,Larry Clark,1500000,20412216,91 min
176,Living in Oblivion,Tom DiCillo,500000,1148752,90 min
177,Lord of Illusions,Clive Barker,0,13294594,109 min
178,Love and Human Remains,Denys Arcand,0,0,100 min
179,Mad Love,Antonia Bird,0,15453274,93 min
180,Mallrats,Kevin Smith,6000000,2122561,94 min
181,Mighty Morphin Power Rangers,Bryan Spicer,15000000,66433194,95 min
183,Mute Witness,Anthony Waller,0,0,95 min
184,Nadja,Michael Almereyda,0,0,93 min
185,The Net,Irwin Winkler,22000000,110627965,114 min
186,Nine Months,Chris Columbus,35000000,138500000,103 min
187,Party Girl,Daisy von Scherler Mayer,150000,472370,94 min
188,The Prophecy,Gregory Widen,8000000,16115878,98 min
189,Reckless,Norman René,0,0,91 min
190,Safe,Todd Haynes,0,0,119 min
191,The Scarlet Letter,Roland Joffé,50000000,10382407,135 min
193,Showgirls,Paul Verhoeven,45000000,20350754,128 min
194,Smoke,Wayne Wang,7000000,8349430,112 min
195,Something to Talk About,Lasse Hallström,30000000,77300000,106 min
196,Species,Roger Donaldson,35000000,113400000,108 min
198,Strange Days,Kathryn Bigelow,42000000,7959291,145 min
199,The Umbrellas of Cherbourg,Jacques Demy,200000,7600000,91 min
201,Three Wishes,Martha Coolidge,10000000,7027000,115 min
202,Total Eclipse,Agnieszka Holland,0,339889,111 min
204,Under Siege 2: Dark Territory,Geoff Murphy,60000000,104324083,100 min
205,Unstrung Heroes,Diane Keaton,0,0,93 min
206,Unzipped,Douglas Keeve,0,0,73 min
207,A Walk in the Clouds,Alfonso Arau,20000000,50012507,102 min
208,Waterworld,Kevin Reynolds,175000000,264218220,135 min
209,White Man's Burden,Desmond Nakano,7000000,9000000,89 min
210,Wild Bill,Walter Hill,30000000,2193982,98 min
212,Bushwhacked,Greg Beeman,0,7919823,90 min
213,Burnt by the Sun,Nikita Mikhalkov,2800000,2616503,135 min
214,Before the Rain,Milcho Manchevski,0,763847,113 min
215,Before Sunrise,Richard Linklater,2500000,5987386,101 min
216,Billy Madison,Tamra Davis,10000000,26488734,89 min
217,The Babysitter,Guy Ferland,0,0,90 min
218,Boys on the Side,Herbert Ross,21000000,23450000,115 min
219,The Cure,Peter Horton,0,2568235,97 min
220,Castle Freak,Stuart Gordon,0,0,90 min
222,Circle of Friends,Pat O'Connor,15000000,45000000,103 min
223,Clerks,Kevin Smith,27575,3151130,92 min
224,Don Juan DeMarco,Jeremy Leven,25000000,68792531,97 min
225,Disclosure,Barry Levinson,55000000,214015089,128 min
227,Drop Zone,John Badham,45000000,62000000,101 min
228,Destiny Turns on the Radio,Jack Baran,0,1200000,102 min
229,Death and the Maiden,Roman Polanski,12000000,8003716,103 min
230,Dolores Claiborne,Taylor Hackford,13000000,46400000,132 min
231,Dumb and Dumber,"Peter Farrelly, Bobby Farrelly",16000000,247275374,107 min
232,Eat Drink Man Woman,Ang Lee,0,7294403,124 min
233,Exotica,Atom Egoyan,2000000,4221036,103 min
234,Exit to Eden,Garry Marshall,27500000,6800000,113 min
235,Ed Wood,Tim Burton,18000000,5900000,127 min
236,French Kiss,Lawrence Kasdan,0,101982854,111 min
237,Forget Paris,Billy Crystal,0,33177694,101 min
238,Far from Home: The Adventures of Yellow Dog,Phillip Borsos,0,0,81 min
239,A Goofy Movie,Kevin Lima,18000000,35348597,78 min
240,Hideaway,Brett Leonard,15000000,12201255,106 min
241,Fluke,Carlo Carlei,15000000,4000000,96 min
242,Farinelli,Gérard Corbiau,0,0,111 min
243,Gordy,Mark Lewis,0,3992809,90 min
246,Hoop Dreams,Steve James,700000,7830611,170 min
247,Heavenly Creatures,Peter Jackson,5000000,3049135,99 min
248,Houseguest,Randall Miller,10500000,26300000,113 min
249,Immortal Beloved,Bernard Rose,120,0,121 min
250,Heavyweights,Steven Brill,10000000,17700000,97 min
251,The Hunted,J.F. Lawton,15000000,6600000,110 min
252,I.Q.,Fred Schepisi,25000000,26381221,100 min
253,Interview with the Vampire,Neil Jordan,60000000,223664608,123 min
254,Jefferson in Paris,James Ivory,14000000,2474000,139 min
255,The Jerky Boys,James Melkonian,0,0,82 min
256,Junior,Ivan Reitman,60000000,108400000,109 min
257,Just Cause,Arne Glimcher,0,36853111,102 min
258,A Kid in King Arthur's Court,Michael Gottlieb,0,0,89 min
259,Kiss of Death,Barbet Schroeder,40000000,14942422,101 min
260,Star Wars: Episode IV - A New Hope,George Lucas,11000000,775398007,121 min
261,Little Women,Gillian Armstrong,18000000,50083616,115 min
262,A Little Princess,Alfonso Cuarón,17000000,10000000,97 min
263,Ladybird Ladybird,Ken Loach,0,0,101 min
265,Like Water for Chocolate,Alfonso Arau,2000000,21744201,105 min
266,Legends of the Fall,Edward Zwick,30000000,160638883,133 min
267,Major Payne,Nick Castle,0,30112050,95 min
269,My Crazy Life,Allison Anders,0,3267313,92 min
270,Love Affair,Glenn Gordon Caron,60000000,18300000,108 min
271,Losing Isaiah,Stephen Gyllenhaal,17000000,7603766,111 min
272,The Madness of King George,Nicholas Hytner,0,15238994,110 min
273,Frankenstein,Kenneth Branagh,45000000,112000000,123 min
274,Man of the House,James Orr,0,0,96 min
275,Mixed Nuts,Nora Ephron,15000000,0,97 min
276,Milk Money,Richard Benjamin,0,18137661,110 min
277,Miracle on 34th Street,Les Mayfield,0,46264384,114 min
278,Miami Rhapsody,David Frankel,0,5,95 min
279,My Family,Gregory Nava,5500000,11079373,128 min
280,Murder in the First,Marc Rocco,20000000,29500000,122 min
281,Nobody's Fool,Robert Benton,20000000,39491975,110 min
282,Nell,Michael Apted,31000000,106683817,112 min
283,New Jersey Drive,Nick Gomez,5000000,0,98 min
284,New York Cop,Tôru Murakawa,0,0,93 min
285,Beyond Bedlam,Vadim Jean,4800000,0,89 min
287,Nina Takes a Lover,Alan Jacobs,0,0,98 min
288,Natural Born Killers,Oliver Stone,34000000,50283563,119 min
289,Only You,Norman Jewison,0,20059210,109 min
290,Once Were Warriors,Lee Tamahori,950000,6700000,102 min
291,Poison Ivy II,Anne Goursaud,0,0,106 min
292,Outbreak,Wolfgang Petersen,50000000,189900000,127 min
293,Léon: The Professional,Luc Besson,16000000,45284974,110 min
294,The Perez Family,Mira Nair,11000000,2832826,113 min
295,A Pyromaniac's Love Story,Joshua Brand,0,345972,94 min
296,Pulp Fiction,Quentin Tarantino,8000000,213928762,154 min
298,Pushing Hands,Ang Lee,400000,152322,105 min
299,Priest,Antonia Bird,0,4176932,98 min
300,Quiz Show,Robert Redford,31000000,24822619,133 min
301,Picture Bride,Kayo Hatta,0,0,94 min
302,Queen Margot,Patrice Chéreau,0,1318578,161 min
303,The Quick and the Dead,Sam Raimi,35000000,47000000,108 min
304,Roommates,Peter Yates,22000000,12400000,108 min
305,Ready to Wear,Robert Altman,15000000,11300653,133 min
306,Three Colors: Red,Krzysztof Kieslowski,0,4127033,99 min
307,Three Colors: Blue,Krzysztof Kieslowski,0,1527572,98 min
308,Three Colors: White,Krzysztof Kieslowski,0,1273525,92 min
310,Rent-a-Kid,Fred Gerber,0,0,85 min
311,Relative Fear,George Mihalka,0,0,94 min
312,Stuart Saves His Family,Harold Ramis,6300000,912082,95 min
313,The Swan Princess,Richard Rich,20000000,9771658,90 min
314,The Secret of Roan Inish,John Sayles,5700000,6160000,103 min
315,The Specialist,Luis Llosa,45000000,170362582,110 min
316,Stargate,Roland Emmerich,55000000,196567262,116 min
317,The Santa Clause,John Pasquin,22000000,189833357,97 min
318,The Shawshank Redemption,Frank Darabont,25000000,28341469,142 min
319,Shallow Grave,Danny Boyle,2500000,19779614,89 min
320,Suture,"Scott McGehee, David Siegel",0,102780,96 min
321,Strawberry & Chocolate,"Tomás Gutiérrez Alea, Juan Carlos Tabío",0,2087569,108 min
322,Swimming with Sharks,George Huang,700000,382928,93 min
324,The Sum of Us,"Geoff Burton, Kevin Dowling",0,0,100 min
325,National Lampoon's Senior Trip,Kelly Makin,0,0,91 min
326,To Live,Yimou Zhang,0,0,133 min
327,Tank Girl,Rachel Talalay,25000000,4064495,104 min
328,Tales from the Crypt: Demon Knight,Ernest R. Dickerson,13000000,21089146,92 min
329,Star Trek: Generations,David Carson,38000000,118071125,118 min
330,Tales from the Hood,Rusty Cundieff,6000000,12000000,98 min
331,Tom & Viv,Brian Gilbert,0,0,115 min
332,Village of the Damned,John Carpenter,22000000,9418365,98 min
333,Tommy Boy,Peter Segal,20000000,32648673,97 min
334,Vanya on 42nd Street,Louis Malle,0,0,119 min
335,The Underneath,Steven Soderbergh,6500000,0,99 min
336,The Walking Dead,Preston A. Whitmore II,0,6014541,88 min
337,What's Eating Gilbert Grape,Lasse Hallström,11000000,10000000,118 min
338,Virtuosity,Brett Leonard,30000000,24048000,106 min
339,While You Were Sleeping,Jon Turteltaub,17000000,182100000,103 min
340,The War,Jon Avnet,0,16,126 min
341,Double Happiness,Mina Shum,None,None,87 min
342,Muriel's Wedding,P.J. Hogan,3000000,15119639,106 min
343,The Baby-Sitters Club,Melanie Mayron,0,0,94 min
344,Ace Ventura: Pet Detective,Tom Shadyac,15000000,107217396,86 min
345,"The Adventures of Priscilla, Queen of the Desert",Stephan Elliott,2000000,29700000,104 min
346,Backbeat,Iain Softley,0,0,100 min
347,Bitter Moon,Roman Polanski,5000000,1862805,139 min
348,Bullets Over Broadway,Woody Allen,20000000,0,98 min
349,Clear and Present Danger,Phillip Noyce,62000000,215887717,141 min
350,The Client,Joel Schumacher,45000000,117615211,119 min
351,"Corrina, Corrina",Jessie Nelson,12500000,20100000,115 min
352,Crooklyn,Spike Lee,14000000,0,115 min
353,The Crow,Alex Proyas,23000000,93722164,102 min
354,Cobb,Ron Shelton,25500000,1007583,128 min
355,The Flintstones,Brian Levant,46000000,341631208,91 min
356,Forrest Gump,Robert Zemeckis,55000000,677387716,142 min
357,Four Weddings and a Funeral,Mike Newell,4400000,245700832,117 min
358,Higher Learning,John Singleton,20000000,38300000,128 min
359,I Like It Like That,Darnell Martin,0,1777020,104 min
360,I Love Trouble,Charles Shyer,45000000,61947267,123 min
361,It Could Happen to You,Andrew Bergman,20000000,37939757,101 min
362,The Jungle Book,Stephen Sommers,27000000,53508356,111 min
363,"The Wonderful, Horrible Life of Leni Riefenstahl",Ray Müller,0,449707,183 min
364,The Lion King,"Roger Allers, Rob Minkoff",45000000,763455561,88 min
365,Little Buddha,Bernardo Bertolucci,35000000,4900000,123 min
366,New Nightmare,Wes Craven,8000000,18090181,112 min
367,The Mask,Chuck Russell,23000000,351583407,101 min
368,Maverick,Richard Donner,75000000,183031272,127 min
369,Mrs. Parker and the Vicious Circle,Alan Rudolph,0,0,125 min
370,Naked Gun 33 1/3: The Final Insult,Peter Segal,30000000,132032598,83 min
371,The Paper,Ron Howard,6000000,48400000,112 min
372,Reality Bites,Ben Stiller,11500000,33351557,99 min
373,Red Rock West,John Dahl,8000000,2500000,98 min
374,Richie Rich,Donald Petrie,40000000,38087756,95 min
376,The River Wild,Curtis Hanson,45000000,94216343,111 min
377,Speed,Jan de Bont,30000000,350448145,116 min
378,Speechless,Ron Underwood,0,20667959,99 min
379,Timecop,Peter Hyams,28000000,128953581,99 min
380,True Lies,James Cameron,115000000,378900000,141 min
381,When a Man Loves a Woman,Luis Mandoki,0,50021959,126 min
382,Wolf,Mike Nichols,70000000,131002597,125 min
383,Wyatt Earp,Lawrence Kasdan,63000000,25100000,191 min
384,Bad Company,Damian Harris,0,0,108 min
385,A Man of No Importance,Suri Krishnamma,0,934550,99 min
386,S.F.W.,Jefery Levy,0,0,96 min
387,A Low Down Dirty Shame,Keenen Ivory Wayans,10000000,29392418,100 min
388,"Boys Life: Three Stories of Love, Lust, and Liberation","Robert Lee King, Raoul O'Connell, Brian Sloan",0,0,91 min
389,Colonel Chabert,Yves Angelo,0,0,110 min
390,"Faster, Pussycat! Kill! Kill!",Russ Meyer,45000,36122,83 min
391,Jason's Lyric,Doug McHenry,7000000,20851521,119 min
393,Street Fighter,Steven E. de Souza,35000000,99423521,102 min
405,Highlander: The Final Dimension,Andrew Morahan,30000000,36738574,99 min
406,Federal Hill,Michael Corrente,0,0,97 min
407,In the Mouth of Madness,John Carpenter,8000000,8946600,95 min
408,8 Seconds,John G. Avildsen,7000000,19623396,105 min
409,Above the Rim,Jeff Pollack,0,0,96 min
410,Addams Family Values,Barry Sonnenfeld,47000000,48919043,94 min
412,The Age of Innocence,Martin Scorsese,34000000,32255440,139 min
413,Airheads,Michael Lehmann,15000000,5751882,92 min
414,The Air Up There,Paul Michael Glaser,17000000,21011500,107 min
415,Another Stakeout,John Badham,30000000,30008496,108 min
416,Bad Girls,Jonathan Kaplan,0,15240435,99 min
417,Barcelona,Whit Stillman,3200000,0,101 min
418,Being Human,Bill Forsyth,40000000,5000000,122 min
419,The Beverly Hillbillies,Penelope Spheeris,0,0,92 min
420,Beverly Hills Cop III,John Landis,50000000,119208989,104 min
421,Black Beauty,Caroline Thompson,0,0,88 min
422,Blink,Michael Apted,11000000,16668552,106 min
423,Blown Away,Stephen Hopkins,28000000,30156002,121 min
424,Blue Chips,William Friedkin,35000000,26000000,108 min
425,Blue Sky,Tony Richardson,0,0,101 min
426,Body Snatchers,Abel Ferrara,13000000,428868,87 min
427,Boxing Helena,Jennifer Lynch,0,1800000,107 min
428,A Bronx Tale,Robert De Niro,22000000,17287898,121 min
429,Cabin Boy,Adam Resnick,0,3662459,80 min
430,Calendar Girl,John Whitesell,13000000,2600000,90 min
431,Carlito's Way,Brian De Palma,30000000,63800000,144 min
432,City Slickers II: The Legend of Curly's Gold,Paul Weiland,40000000,72000000,116 min
433,Clean Slate,Mick Jackson,0,7355425,107 min
434,Cliffhanger,Renny Harlin,70000000,255000211,113 min
435,Coneheads,Steve Barron,33000000,21274717,88 min
436,Color of Night,Richard Rush,40000000,19700000,121 min
437,Cops and Robbersons,Michael Ritchie,0,11391093,93 min
438,The Cowboy Way,Gregg Champion,0,0,102 min
440,Dave,Ivan Reitman,28000000,92000000,110 min
441,Dazed and Confused,Richard Linklater,6900000,8259076,103 min
442,Demolition Man,Marco Brambilla,57000000,58055768,115 min
444,Even Cowgirls Get the Blues,Gus Van Sant,8000000,0,106 min
445,Fatal Instinct,Carl Reiner,0,0,91 min
446,Farewell My Concubine,Kaige Chen,4000000,6400000,171 min
448,Fearless,Peter Weir,20000000,7000000,122 min
449,Fear of a Black Hat,Rusty Cundieff,1000000,233824,88 min
450,With Honors,Alek Keshishian,0,20016254,101 min
451,Flesh and Bone,Steve Kloves,0,9709451,126 min
452,Widows' Peak,John Irvin,0,0,101 min
453,For Love or Money,Barry Sonnenfeld,30000000,11146270,96 min
454,The Firm,Sydney Pollack,42000000,270248367,154 min
455,Free Willy,Simon Wincer,20000000,153698625,112 min
456,Fresh,Boaz Yakin,3500000,8094616,114 min
457,The Fugitive,Andrew Davis,44000000,183875799,130 min
458,Geronimo: An American Legend,Walter Hill,35000000,18635620,115 min
459,The Getaway,Roger Donaldson,0,30057974,115 min
460,Getting Even with Dad,Howard Deutch,30000000,0,109 min
461,Go Fish,Rose Troche,0,0,83 min
464,Hard Target,John Woo,18000000,74189677,97 min
466,Hot Shots! Part Deux,Jim Abrahams,25000000,133752825,86 min
467,Live Nude Girls,Julianna Lavin,0,0,95 min
468,The Englishman Who Went Up a Hill But Came Down a Mountain,Christopher Monger,0,0,99 min
469,The House of the Spirits,Bille August,25000000,6265311,145 min
470,House Party 3,Eric Meza,0,0,100 min
471,The Hudsucker Proxy,"Joel Coen, Ethan Coen",25000000,2800000,111 min
472,I'll Do Anything,James L. Brooks,40000000,0,115 min
473,In the Army Now,Daniel Petrie Jr.,0,28881266,91 min
474,In the Line of Fire,Wolfgang Petersen,40000000,177000000,128 min
475,In the Name of the Father,Jim Sheridan,13000000,65796862,133 min
476,The Inkwell,Matty Rich,0,8880705,110 min
477,What's Love Got to Do with It,Brian Gibson,15000000,39100000,118 min
478,Jimmy Hollywood,Barry Levinson,30000000,3800000,112 min
479,Judgment Night,Stephen Hopkins,21000000,12136938,110 min
480,Jurassic Park,Steven Spielberg,63000000,920100000,127 min
481,Kalifornia,Dominic Sena,9000000,2395231,117 min
482,Killing Zoe,Roger Avary,1500000,418961,96 min
484,Lassie,Daniel Petrie,0,9979683,94 min
485,Last Action Hero,John McTiernan,85000000,137300000,130 min
486,Life with Mikey,James Lapine,2000000,12440858,91 min
487,Lightning Jack,Simon Wincer,0,0,98 min
488,M. Butterfly,David Cronenberg,17000000,1499795,101 min
489,Made in America,Richard Benjamin,22000000,104942695,111 min
490,Malice,Harold Becker,20000000,46405336,107 min
491,The Man Without a Face,Mel Gibson,20000000,36560338,115 min
492,Manhattan Murder Mystery,Woody Allen,13500000,11285588,104 min
493,Menace II Society,"Albert Hughes, Allen Hughes",3500000,27900000,97 min
494,Executive Decision,Stuart Baird,55000000,121969216,133 min
495,In the Realm of the Senses,Nagisa Ôshima,0,0,109 min
496,What Happened Was...,Tom Noonan,0,0,91 min
497,Much Ado About Nothing,Kenneth Branagh,11000000,22600000,111 min
499,Mr. Wonderful,Anthony Minghella,0,3125424,98 min
500,Mrs. Doubtfire,Chris Columbus,25000000,441286195,125 min
501,Naked,Mike Leigh,0,1769305,131 min
502,The Next Karate Kid,Christopher Cain,12000000,15876353,107 min
504,No Escape,Martin Campbell,20000000,15340000,118 min
505,North,Rob Reiner,40000000,0,87 min
506,Orlando,Sally Potter,4000000,5377643,94 min
507,A Perfect World,Clint Eastwood,30000000,135100000,138 min
508,Philadelphia,Jonathan Demme,26000000,206678440,125 min
509,The Piano,Jane Campion,7000000,40200000,121 min
510,Poetic Justice,John Singleton,14000000,27515786,109 min
511,The Program,David S. Ward,0,23042200,112 min
512,The Puppet Masters,Stuart Orme,15000000,8600000,109 min
513,Radioland Murders,Mel Smith,0,0,108 min
514,The Ref,Ted Demme,11000000,11400000,97 min
515,The Remains of the Day,James Ivory,11500000,23240144,134 min
516,Renaissance Man,Penny Marshall,40000000,24332324,128 min
517,Rising Sun,Philip Kaufman,40000000,107198790,129 min
518,The Road to Wellville,Alan Parker,25000000,26000000,118 min
519,RoboCop 3,Fred Dekker,22000000,10696210,104 min
520,Robin Hood: Men in Tights,Mel Brooks,20000000,35739755,104 min
521,Romeo Is Bleeding,Peter Medak,11500000,3275585,110 min
522,Romper Stomper,Geoffrey Wright,1600000,3300000,94 min
523,Ruby in Paradise,Victor Nunez,800000,1001437,114 min
524,Rudy,David Anspaugh,12000000,22800000,114 min
526,Savage Nights,Cyril Collard,0,0,126 min
527,Schindler's List,Steven Spielberg,22000000,321365567,195 min
528,The Scout,Michael Ritchie,20000000,2694234,101 min
529,Searching for Bobby Fischer,Steven Zaillian,12000000,7266383,109 min
531,The Secret Garden,Agnieszka Holland,18000000,40000000,101 min
532,Serial Mom,John Waters,13000000,7820688,95 min
533,The Shadow,Russell Mulcahy,25000000,48100000,108 min
534,Shadowlands,Richard Attenborough,22000000,25842000,131 min
535,Short Cuts,Robert Altman,0,6110979,188 min
536,A Simple Twist of Fate,Gillies MacKinnon,0,0,106 min
537,Sirens,John Duigan,0,7770731,98 min
538,Six Degrees of Separation,Fred Schepisi,15000000,6284090,112 min
539,Sleepless in Seattle,Nora Ephron,21000000,227799884,105 min
540,Sliver,Phillip Noyce,40000000,116300000,107 min
541,Blade Runner,Ridley Scott,28000000,41722424,117 min
542,Son in Law,Steve Rash,0,36448200,95 min
543,So I Married an Axe Murderer,Thomas Schlamme,20000000,11585483,93 min
544,Striking Distance,Rowdy Herrington,0,0,102 min
546,Super Mario Bros.,"Annabel Jankel, Rocky Morton",48000000,20915465,104 min
547,Surviving the Game,Ernest R. Dickerson,7400000,7690013,96 min
548,Terminal Velocity,Deran Sarafian,50000000,16478900,102 min
549,Thirty Two Short Films About Glenn Gould,François Girard,0,0,98 min
550,Threesome,Andrew Fleming,0,14815317,93 min
551,The Nightmare Before Christmas,Henry Selick,18000000,75634409,76 min
552,The Three Musketeers,Stephen Herek,30000000,111898845,105 min
553,Tombstone,George P. Cosmatos,25000000,56500000,130 min
555,True Romance,Tony Scott,12500000,12600000,119 min
556,The War Room,"Chris Hegedus, D.A. Pennebaker",0,901668,96 min
558,The Pagemaster,"Pixote Hunt, Joe Johnston",27000000,13670688,80 min
562,Welcome to the Dollhouse,Todd Solondz,800000,5034794,88 min
563,Germinal,Claude Berri,0,0,160 min
564,Chasers,Dennis Hopper,15000000,1596687,102 min
567,Kika,Pedro Almodóvar,0,2019069,114 min
568,Bhaji on the Beach,Gurinder Chadha,0,0,101 min
569,Little Big League,Andrew Scheinman,0,0,119 min
573,"Ciao, Professore!",Lina Wertmüller,0,0,100 min
574,Spanking the Monkey,David O. Russell,200000,0,100 min
575,The Little Rascals,Penelope Spheeris,0,67308282,82 min
577,Andre,George Miller,0,0,94 min
579,La scorta,Ricky Tognazzi,0,0,96 min
580,Princess Caraboo,Michael Austin,0,3021629,97 min
581,The Celluloid Closet,"Rob Epstein, Jeffrey Friedman",0,1400591,102 min
583,Dear Diary,Nanni Moretti,0,0,100 min
585,The Brady Bunch Movie,Betty Thomas,12000000,46576136,90 min
586,Home Alone,Chris Columbus,18000000,476684675,103 min
587,Ghost,Jerry Zucker,22000000,505000000,127 min
588,Aladdin,"Ron Clements, John Musker",28000000,504050219,90 min
589,Terminator 2: Judgment Day,James Cameron,102000000,520000000,137 min
590,Dances with Wolves,Kevin Costner,22000000,424208848,181 min
592,Batman,Tim Burton,35000000,411348924,126 min
593,The Silence of the Lambs,Jonathan Demme,19000000,272742922,118 min
594,Snow White and the Seven Dwarfs,"William Cottrell, David Hand, Wilfred Jackson",1488423,184925486,83 min
595,Beauty and the Beast,"Gary Trousdale, Kirk Wise",25000000,424967620,84 min
596,Pinocchio,"Norman Ferguson, T. Hee, Wilfred Jackson",2600000,164000000,88 min
597,Pretty Woman,Garry Marshall,14000000,463406268,119 min
599,The Wild Bunch,Sam Peckinpah,6244087,638641,135 min
600,Love and a .45,C.M. Talkington,0,0,101 min
602,A Great Day in Harlem,Jean Bach,0,527034,60 min
605,One Fine Day,Michael Hoffman,0,97529550,108 min
606,Candyman: Farewell to the Flesh,Bill Condon,0,13940383,95 min
608,Fargo,"Joel Coen, Ethan Coen",7000000,60611975,98 min
609,Homeward Bound II: Lost in San Francisco,David R. Ellis,0,32709423,88 min
610,Heavy Metal,"Gerald Potterton, John Bruno, John Halas",9300000,20118654,86 min
611,Hellraiser: Bloodline,Kevin Yagher,4000000,16675000,85 min
612,The Pallbearer,Matt Reeves,8000000,5656388,98 min
613,Jane Eyre,Franco Zeffirelli,0,5200601,112 min
615,Bread and Chocolate,Franco Brusati,0,0,100 min
616,The Aristocats,Wolfgang Reitherman,4000000,191000000,78 min
617,The Flower of My Secret,Pedro Almodóvar,4500000,19000000,103 min
618,Two Much,Fernando Trueba,24000000,1141556,118 min
619,Ed,Bill Couturié,24000000,4400000,94 min
626,A Thin Line Between Love and Hate,Martin Lawrence,8000000,34746109,108 min
627,The Last Supper,Stacy Title,0,442965,92 min
628,Primal Fear,Gregory Hoblit,30000000,102600000,129 min
631,All Dogs Go to Heaven 2,"Larry Leker, Paul Sabella",0,8620678,82 min
632,Land and Freedom,Ken Loach,0,0,109 min
633,Denise Calls Up,Hal Salwen,0,0,80 min
634,Theodore Rex,Jonathan R. Betuel,33500000,0,92 min
635,A Family Thing,Richard Pearce,0,10125417,109 min
636,Frisk,Todd Verow,0,0,88 min
637,Sgt. Bilko,Jonathan Lynn,39000000,37956793,94 min
638,Jack & Sarah,Tim Sullivan,0,218626,110 min
639,Girl 6,Spike Lee,12000000,4939939,108 min
640,Diabolique,Jeremiah S. Chechik,45000000,52400000,107 min
645,Nelly & Monsieur Arnaud,Claude Sautet,0,0,106 min
647,Courage Under Fire,Edward Zwick,46000000,100900000,116 min
648,Mission: Impossible,Brian De Palma,80000000,457696391,110 min
649,Cold Fever,Friðrik Þór Friðriksson,0,0,83 min
650,Moll Flanders,Pen Densham,0,3486578,123 min
653,DragonHeart,Rob Cohen,57000000,115267375,103 min
656,Eddie,Steve Rash,30000000,31387164,100 min
661,James and the Giant Peach,Henry Selick,38000000,28946127,79 min
663,Kids in the Hall: Brain Candy,Kelly Makin,0,0,89 min
665,Underground,Emir Kusturica,14000000,0,167 min
667,Bloodsport 2,"Alan Mehrez, Philip Tan",0,684351,90 min
668,Pather Panchali,Satyajit Ray,0,536364,125 min
670,The World of Apu,Satyajit Ray,0,134241,105 min
671,Mystery Science Theater 3000: The Movie,Jim Mallon,5000000,1000000,73 min
673,Space Jam,Joe Pytka,80000000,250200000,88 min
674,Barbarella,Roger Vadim,9000000,2500000,98 min
678,Some Folks Call It a Sling Blade,George Hickenlooper,0,0,25 min
679,The Run of the Country,Peter Yates,0,0,109 min
680,Alphaville,Jean-Luc Godard,220000,46585,99 min
685,It's My Party,Randal Kleiser,0,622503,110 min
688,Operation Dumbo Drop,Simon Wincer,0,0,107 min
691,Mrs. Winterbourne,Richard Benjamin,25000000,10082005,105 min
692,Solo,Norberto Barba,0,0,94 min
694,The Substitute,Robert Mandel,0,14818176,114 min
695,True Crime,Pat Verducci,0,0,94 min
697,Feeling Minnesota,Steven Baigelman,0,0,99 min
698,Delta of Venus,Zalman King,0,63174,102 min
700,Angus,Patrick Read Johnson,0,0,90 min
703,Boys,Stacy Cochran,0,516349,86 min
704,The Quest,Jean-Claude Van Damme,30000000,57400547,95 min
706,Sunset Park,Steve Gomer,0,0,99 min
707,Mulholland Falls,Lee Tamahori,29000000,11500000,107 min
708,The Truth About Cats & Dogs,Michael Lehmann,0,3407,97 min
709,Oliver & Company,George Scribner,31000000,121000000,74 min
710,Celtic Pride,Tom DeCerchio,0,0,91 min
711,Flipper,Alan Shapiro,25530000,20080020,95 min
714,Dead Man,Jim Jarmusch,9000000,1038000,121 min
715,The Horseman on the Roof,Jean-Paul Rappeneau,35000000,15000000,118 min
718,The Visitors,Jean-Marie Poiré,9500000,98800000,107 min
719,Multiplicity,Harold Ramis,45000000,21075014,117 min
720,Wallace & Gromit: The Best of Aardman Animation,Nick Park,0,0,75 min
722,The Haunted World of Edward D. Wood Jr.,Brett Thompson,0,0,89 min
724,The Craft,Andrew Fleming,15000000,24800000,101 min
725,The Great White Hype,Reginald Hudlin,0,0,91 min
726,Last Dance,Bruce Beresford,0,5,103 min
728,Cold Comfort Farm,John Schlesinger,0,0,105 min
731,Heaven's Prisoners,Phil Joanou,25000000,5009305,132 min
733,The Rock,Michael Bay,75000000,335062621,136 min
735,Cemetery Man,Michele Soavi,4000000,0,103 min
736,Twister,Jan de Bont,92000000,494471524,113 min
737,Barb Wire,David Hogan,9000000,3793614,98 min
741,Ghost in the Shell,Mamoru Oshii,3000000,10000000,83 min
742,Thinner,Tom Holland,8000000,15315484,93 min
743,Spy Hard,Rick Friedberg,18000000,27000000,81 min
745,Wallace & Gromit: A Close Shave,Nick Park,0,4638,30 min
747,The Stupids,John Landis,25000000,2491989,94 min
748,The Arrival,David Twohy,25000000,14063331,115 min
750,Dr. Strangelove or: How I Learned to Stop Worrying and Love the Bomb,Stanley Kubrick,1800000,9500000,95 min
757,Ashes of Time,Wong Kar-Wai,0,0,100 min
759,Maya Lin: A Strong Clear Vision,Freida Lee Mock,0,0,105 min
760,Stalingrad,Joseph Vilsmaier,0,152972,134 min
761,The Phantom,Simon Wincer,45000000,17323326,100 min
762,Striptease,Andrew Bergman,50000000,113309743,115 min
764,Heavy,James Mangold,0,0,105 min
765,Jack,Francis Ford Coppola,45000000,58620973,113 min
775,Spirits of the Dead,"Federico Fellini, Louis Malle, Roger Vadim",0,0,121 min
778,Trainspotting,Danny Boyle,4000000,71981823,93 min
779,'Til There Was You,Scott Winant,1000000,3525125,113 min
780,Independence Day,Roland Emmerich,75000000,817400891,145 min
781,Stealing Beauty,Bernardo Bertolucci,10000000,4800000,118 min
782,The Fan,Tony Scott,55000000,18626419,116 min
783,The Hunchback of Notre Dame,"Gary Trousdale, Kirk Wise",100000000,325300000,91 min
784,The Cable Guy,Ben Stiller,47000000,102825796,96 min
785,Kingpin,"Bobby Farrelly, Peter Farrelly",27000000,25023434,114 min
786,Eraser,Chuck Russell,100000000,242295562,115 min
788,The Nutty Professor,Tom Shadyac,54000000,128769345,95 min
790,Un été inoubliable,Lucian Pintilie,0,65352,82 min
791,"The Last Klezmer: Leopold Kozlowski, His Life and Music",Yale Strom,None,None,85 min
795,Somebody to Love,Alexandre Rockwell,0,0,102 min
798,Daylight,Rob Cohen,80000000,159212469,114 min
799,The Frighteners,Peter Jackson,30000000,29359216,110 min
800,Lone Star,John Sayles,5000000,13269963,135 min
801,Harriet the Spy,Bronwen Hughes,12000000,26600000,100 min
802,Phenomenon,Jon Turteltaub,32000000,152000000,123 min
803,Walking and Talking,Nicole Holofcener,0,0,86 min
804,She's the One,Edward Burns,3500000,9500000,96 min
805,A Time to Kill,Joel Schumacher,40000000,152266007,149 min
806,American Buffalo,Michael Corrente,0,665450,88 min
808,Alaska,Fraser C. Heston,23000000,11829959,109 min
809,Fled,Kevin Hooks,25000000,17193231,98 min
810,Kazaam,Paul Michael Glaser,20000000,18937262,93 min
813,Larger Than Life,Howard Franklin,30000000,8315693,93 min
818,A Very Brady Sequel,Arlene Sanford,12000000,21440752,90 min
823,The Collector,Éric Rohmer,0,0,86 min
824,Kaspar Hauser,Peter Sehr,0,0,139 min
828,The Adventures of Pinocchio,Steve Barron,25000000,15100000,96 min
829,Joe's Apartment,John Payson,13000000,4600000,80 min
830,The First Wives Club,Hugh Wilson,26000000,116400000,103 min
832,Ransom,Ron Howard,80000000,309492681,121 min
833,High School High,Hart Bochner,0,21302121,86 min
835,Foxfire,Annette Haywood-Carter,0,258263,102 min
836,Chain Reaction,Andrew Davis,50000000,60209334,107 min
837,Matilda,Danny DeVito,36000000,33500000,98 min
838,Emma,Douglas McGrath,6000000,22231658,120 min
839,The Crow: City of Angels,Tim Pope,13000000,25317287,84 min
840,House Arrest,Harry Winer,0,0,108 min
841,Eyes Without a Face,Georges Franju,0,58656,90 min
842,Bordello of Blood,Gilbert Adler,15000000,5600000,87 min
848,The Spitfire Grill,Lee David Zlotoff,6000000,12643776,117 min
849,Escape from L.A.,John Carpenter,50000000,42277365,101 min
851,Basquiat,Julian Schnabel,3300000,3022292,107 min
852,Tin Cup,Ron Shelton,45000000,53854588,135 min
858,The Godfather,Francis Ford Coppola,6000000,245066411,175 min
861,Supercop,Stanley Tong,900000,34391494,91 min
866,Bound,"Lana Wachowski, Lilly Wachowski",4500000,7011317,109 min
867,Carpool,Arthur Hiller,17000000,0,89 min
869,Kansas City,Robert Altman,18000000,0,116 min
870,Gone Fishin',Christopher Cain,53000000,19745922,94 min
875,Nothing to Lose,Izidore K. Musallam,0,0,83 min
876,Supercop 2,Stanley Tong,1000000,1207130,104 min
879,The Relic,Peter Hyams,60000000,33956608,110 min
880,The Island of Dr. Moreau,"John Frankenheimer, Richard Stanley",40000000,49627779,96 min
881,First Kid,David Mickey Evans,0,0,101 min
882,The Trigger Effect,David Koepp,8000000,3600000,94 min
885,Bogus,Norman Jewison,32000000,0,110 min
886,Bulletproof,Ernest R. Dickerson,25000000,22611954,84 min
888,The Land Before Time III: The Time of the Great Giving,Roy Allen Smith,0,0,71 min
889,1-900,Theo van Gogh,0,0,87 min
891,Halloween: The Curse of Michael Myers,Joe Chappelle,5000000,15116634,87 min
892,Twelfth Night,Trevor Nunn,5000000,33000000,134 min
893,Mother Night,Keith Gordon,0,0,114 min
896,Wild Reeds,André Téchiné,0,807775,110 min
897,For Whom the Bell Tolls,Sam Wood,3000000,17800000,170 min
898,The Philadelphia Story,George Cukor,None,None,112 min
899,Singin' in the Rain,"Stanley Donen, Gene Kelly",2540800,7200000,103 min
900,An American in Paris,Vincente Minnelli,5635000,6981000,114 min
901,Funny Face,Stanley Donen,0,0,103 min
902,Breakfast at Tiffany's,Blake Edwards,2500000,9500000,115 min
903,Vertigo,Alfred Hitchcock,2479000,7808900,128 min
904,Rear Window,Alfred Hitchcock,1000000,37042336,112 min
905,It Happened One Night,Frank Capra,325000,4500000,105 min
906,Gaslight,George Cukor,2068000,0,114 min
907,The Gay Divorcee,Mark Sandrich,520000,1800000,107 min
908,North by Northwest,Alfred Hitchcock,4000000,13275000,136 min
909,The Apartment,Billy Wilder,3000000,25000000,125 min
910,Some Like It Hot,Billy Wilder,2883848,25000000,121 min
911,Charade,Stanley Donen,4000000,13475000,113 min
912,Casablanca,Michael Curtiz,878000,10462500,102 min
913,The Maltese Falcon,John Huston,375000,1772000,100 min
914,My Fair Lady,George Cukor,17000000,72661442,170 min
915,Sabrina,Billy Wilder,2239000,10000000,113 min
916,Roman Holiday,William Wyler,1500000,12000000,118 min
917,The Little Princess,"Walter Lang, William A. Seiter",0,0,93 min
918,Meet Me in St. Louis,Vincente Minnelli,1707561,7566000,113 min
919,The Wizard of Oz,"Victor Fleming, King Vidor",2777000,33754967,102 min
920,Gone with the Wind,Victor Fleming,4000000,402352579,238 min
921,My Favorite Year,Richard Benjamin,7900000,20123620,92 min
922,Sunset Boulevard,Billy Wilder,1752000,5000000,110 min
923,Citizen Kane,Orson Welles,839727,23218000,119 min
924,2001: A Space Odyssey,Stanley Kubrick,12000000,71923560,149 min
926,All About Eve,Joseph L. Mankiewicz,1400000,8400000,138 min
927,The Women,George Cukor,1688000,2270000,133 min
928,Rebecca,Alfred Hitchcock,1288000,7592465,130 min
929,Foreign Correspondent,Alfred Hitchcock,0,0,120 min
930,Notorious,Alfred Hitchcock,2000000,24500000,102 min
931,Spellbound,Alfred Hitchcock,1500000,7000000,111 min
932,An Affair to Remember,Leo McCarey,2100000,3800000,115 min
933,To Catch a Thief,Alfred Hitchcock,2500000,8750000,106 min
934,Father of the Bride,Vincente Minnelli,0,0,92 min
935,The Band Wagon,Vincente Minnelli,2900000,3500000,112 min
936,Ninotchka,Ernst Lubitsch,1365000,2279000,110 min
937,Love in the Afternoon,Billy Wilder,2100000,2000000,130 min
938,Gigi,"Vincente Minnelli, Charles Walters",3319355,13200000,115 min
940,The Adventures of Robin Hood,"Michael Curtiz, William Keighley",2033000,3981000,102 min
941,The Mark of Zorro,Rouben Mamoulian,0,0,94 min
942,Laura,"Otto Preminger, Rouben Mamoulian",1020000,2000000,88 min
943,The Ghost and Mrs. Muir,Joseph L. Mankiewicz,0,0,104 min
944,Lost Horizon,Frank Capra,4000000,0,132 min
945,Top Hat,Mark Sandrich,609000,3202000,101 min
946,To Be or Not to Be,Ernst Lubitsch,1200000,1500000,99 min
947,My Man Godfrey,Gregory La Cava,575375,684200,94 min
948,Giant,George Stevens,5400000,32855818,201 min
949,East of Eden,Elia Kazan,0,0,118 min
950,The Thin Man,W.S. Van Dyke,226408,1423000,91 min
951,His Girl Friday,Howard Hawks,0,0,92 min
952,Around the World in 80 Days,"Michael Anderson, John Farrow",6000000,42000000,175 min
953,It's a Wonderful Life,Frank Capra,3180000,9644124,130 min
954,Mr. Smith Goes to Washington,Frank Capra,1500000,9600000,129 min
955,Bringing Up Baby,Howard Hawks,1073000,0,102 min
956,Penny Serenade,George Stevens,0,0,119 min
959,Of Human Bondage,John Cromwell,0,0,83 min
961,Little Lord Fauntleroy,John Cromwell,590000,1037000,102 min
963,The Inspector General,Henry Koster,0,0,102 min
965,The 39 Steps,Alfred Hitchcock,0,0,86 min
968,Night of the Living Dead,George A. Romero,114000,30000000,96 min
969,The African Queen,John Huston,1000000,10750000,105 min
970,Beat the Devil,John Huston,1000000,0,89 min
971,Cat on a Hot Tin Roof,Richard Brooks,3000000,17570324,108 min
973,Meet John Doe,Frank Capra,0,2000000,122 min
976,A Farewell to Arms,Frank Borzage,0,0,80 min
979,Nothing Personal,Thaddeus O'Sullivan,0,0,86 min
981,Dangerous Ground,Darrell Roodt,0,3028094,95 min
982,Picnic,Joshua Logan,3000000,9000000,115 min
984,The Pompatus of Love,Richard Schenkman,0,0,99 min
986,Fly Away Home,Carroll Ballard,22000000,25143818,107 min
987,Bliss,Lance Young,0,294064,103 min
988,Grace of My Heart,Allison Anders,5000000,660313,116 min
990,Maximum Risk,Ringo Lam,25000000,51702483,101 min
991,Michael Collins,Neil Jordan,25000000,16900000,133 min
993,Infinity,Matthew Broderick,0,0,119 min
994,Big Night,"Campbell Scott, Stanley Tucci",4100000,12000000,109 min
996,Last Man Standing,Walter Hill,67000000,47267001,101 min
998,Set It Off,F. Gary Gray,9000000,41590886,123 min
999,2 Days in the Valley,John Herzfeld,0,11132156,104 min
1003,Extreme Measures,Michael Apted,38000000,17380126,118 min
1004,The Glimmer Man,John Gray,45000000,20350000,91 min
1005,D3: The Mighty Ducks,Robert Lieberman,0,22955097,104 min
1006,The Chamber,James Foley,50000000,22540359,113 min
1007,The Apple Dumpling Gang,Norman Tokar,0,36853000,100 min
1008,Davy Crockett: King of the Wild Frontier,Norman Foster,2150000,0,93 min
1009,Escape to Witch Mountain,John Hough,0,20000000,97 min
1010,The Love Bug,Robert Stevenson,0,51264022,108 min
1011,Herbie Rides Again,Robert Stevenson,0,38229000,88 min
1012,Old Yeller,Robert Stevenson,21909000,0,83 min
1013,The Parent Trap,David Swift,0,29650385,129 min
1014,Pollyanna,David Swift,2500000,3750000,134 min
1015,Homeward Bound: The Incredible Journey,Duwayne Dunham,24000000,57333324,84 min
1016,The Shaggy Dog,Charles Barton,1250000,17658000,104 min
1017,Swiss Family Robinson,Ken Annakin,5000000,40356000,126 min
1018,That Darn Cat!,Robert Stevenson,0,28062222,116 min
1019,"20,000 Leagues Under the Sea",Richard Fleischer,5000000,28200000,127 min
1020,Cool Runnings,Jon Turteltaub,14000000,154856263,98 min
1021,Angels in the Outfield,William Dear,31000000,50236831,102 min
1022,Cinderella,"Clyde Geronimi, Wilfred Jackson, Hamilton Luske",2900000,263600000,74 min
1023,Winnie the Pooh and the Blustery Day,"Wolfgang Reitherman, Ben Sharpsteen",0,0,25 min
1024,The Three Caballeros,"Norman Ferguson, Clyde Geronimi, Jack Kinney",0,336000000,71 min
1025,The Sword in the Stone,"Wolfgang Reitherman, Clyde Geronimi, David Hand",3000000,22200000,79 min
1027,Robin Hood: Prince of Thieves,Kevin Reynolds,48000000,390493908,143 min
1028,Mary Poppins,Robert Stevenson,4650000,103100000,139 min
1029,Dumbo,"Samuel Armstrong, Norman Ferguson, Wilfred Jackson",812000,1600000,64 min
1030,Pete's Dragon,"Don Chaffey, Don Bluth",10000000,0,128 min
1031,Bedknobs and Broomsticks,"Robert Stevenson, Ward Kimball",20000000,17900000,117 min
1032,Alice in Wonderland,"Clyde Geronimi, Wilfred Jackson, Hamilton Luske",3000000,57200000,75 min
1033,The Fox and the Hound,"Ted Berman, Richard Rich, Art Stevens",12000000,29800000,83 min
1034,Freeway,Matthew Bright,3000000,0,104 min
1035,The Sound of Music,Robert Wise,8200000,286214286,172 min
1036,Die Hard,John McTiernan,28000000,140767956,132 min
1037,The Lawnmower Man,Brett Leonard,10000000,32100816,108 min
1040,The Secret Agent,Christopher Hampton,0,0,95 min
1041,Secrets & Lies,Mike Leigh,4500000,13417292,136 min
1042,That Thing You Do!,Tom Hanks,26000000,34585416,108 min
1043,To Gillian on Her 37th Birthday,Michael Pressman,0,4137645,93 min
1046,Beautiful Thing,Hettie Macdonald,0,1500000,90 min
1047,The Long Kiss Goodnight,Renny Harlin,65000000,89456761,121 min
1049,The Ghost and the Darkness,Stephen Hopkins,50000000,38619405,110 min
1050,Looking for Richard,Al Pacino,0,0,111 min
1051,Trees Lounge,Steve Buscemi,1300000,0,95 min
1053,Normal Life,John McNaughton,0,0,101 min
1054,Get on the Bus,Spike Lee,2400000,5731103,120 min
1055,Shadow Conspiracy,George P. Cosmatos,45000000,2154540,103 min
1056,Jude,Michael Winterbottom,7000000,409144,123 min
1057,Everyone Says I Love You,Woody Allen,20000000,9800000,101 min
1059,Romeo + Juliet,Baz Luhrmann,14500000,147298761,120 min
1060,Swingers,Doug Liman,200000,4505922,96 min
1061,Sleepers,Barry Levinson,44000000,165600000,147 min
1064,Aladdin and the King of Thieves,Tad Stones,0,0,81 min
1066,Shall We Dance,Mark Sandrich,991000,2168000,109 min
1068,Crossfire,Edward Dmytryk,250000,1300000,86 min
1073,Willy Wonka & the Chocolate Factory,Mel Stuart,3000000,4000000,100 min
1076,The Innocents,Jack Clayton,0,1200000,100 min
1077,Sleeper,Woody Allen,2000000,18344729,89 min
1078,Bananas,Woody Allen,2000000,11833696,82 min
1079,A Fish Called Wanda,"Charles Crichton, John Cleese",7500000,188593712,108 min
1080,Monty Python's Life of Brian,Terry Jones,4000000,20700000,94 min
1081,Victor/Victoria,Blake Edwards,15000000,28215453,134 min
1082,The Candidate,Michael Ritchie,1600000,2500000,110 min
1083,The Great Race,Blake Edwards,12000000,25300000,160 min
1084,Bonnie and Clyde,Arthur Penn,2500000,50700000,111 min
1085,The Old Man and the Sea,"John Sturges, Fred Zinnemann",0,0,86 min
1086,Dial M for Murder,Alfred Hitchcock,1400000,3000000,105 min
1088,Dirty Dancing,Emile Ardolino,6000000,214577242,100 min
1089,Reservoir Dogs,Quentin Tarantino,1200000,2859750,99 min
1090,Platoon,Oliver Stone,6000000,138530565,120 min
1091,Weekend at Bernie's,Ted Kotcheff,6500000,30218387,97 min
1092,Basic Instinct,Paul Verhoeven,49000000,352927224,127 min
1093,The Doors,Oliver Stone,38000000,34416893,140 min
1094,The Crying Game,Neil Jordan,3705538,62548947,112 min
1095,Glengarry Glen Ross,James Foley,12500000,10725228,100 min
1096,Sophie's Choice,Alan J. Pakula,12000000,30036166,150 min
1097,E.T. the Extra-Terrestrial,Steven Spielberg,10500000,792965500,115 min
1099,A Christmas Carol,Edwin L. Marin,0,0,69 min
1100,Days of Thunder,Tony Scott,60000000,157920733,107 min
1101,Top Gun,Tony Scott,15000000,356830601,109 min
1103,Rebel Without a Cause,Nicholas Ray,1500000,4500000,111 min
1104,A Streetcar Named Desire,Elia Kazan,1800000,8000000,122 min
1105,Children of the Corn: The Gathering,Greg Spence,0,0,85 min
1107,Loser,Erik Burke,None,None,84 min
1111,Microcosmos,"Claude Nuridsany, Marie Pérennou",5750000,1433008,80 min
1112,Palookaville,Alan Taylor,315230,0,92 min
1114,The Funeral,Abel Ferrara,12500000,1227324,99 min
1116,A Single Girl,Benoît Jacquot,0,0,90 min
1117,The Eighth Day,Jaco Van Dormael,0,0,118 min
1119,Drunks,Peter Cohn,0,0,90 min
1120,The People vs. Larry Flynt,Milos Forman,36000000,20300385,130 min
1121,Glory Daze,Rich Wilkes,0,0,100 min
1123,A Perfect Candidate,"R.J. Cutler, David Van Taylor",0,0,105 min
1124,On Golden Pond,Mark Rydell,15000000,119285432,109 min
1125,The Return of the Pink Panther,Blake Edwards,5000000,41833347,113 min
1126,Drop Dead Fred,Ate de Jong,6788000,13878334,103 min
1127,The Abyss,James Cameron,70000000,90000098,140 min
1128,The Fog,John Carpenter,1000000,21448830,89 min
1129,Escape from New York,John Carpenter,6000000,50244700,99 min
1130,The Howling,Joe Dante,1000000,17985893,91 min
1131,Jean de Florette,Claude Berri,4940939,0,120 min
1132,Manon of the Spring,Claude Berri,0,0,113 min
1135,Private Benjamin,Howard Zieff,15000000,69800000,109 min
1136,Monty Python and the Holy Grail,"Terry Gilliam, Terry Jones",400000,5028948,91 min
1137,Hustler White,"Rick Castro, Bruce La Bruce",0,127251,79 min
1140,Entertaining Angels: The Dorothy Day Story,Michael Ray Rhodes,0,711872,110 min
1144,The Line King: The Al Hirschfeld Story,Susan Warms Dryfoos,0,0,86 min
1147,When We Were Kings,Leon Gast,0,2666118,88 min
1148,Wallace & Gromit: The Wrong Trousers,Nick Park,0,0,29 min
1150,The Return of Martin Guerre,Daniel Vigne,0,0,112 min
1151,Faust,Jan Svankmajer,0,0,97 min
1156,The Children Are Watching Us,Vittorio De Sica,0,0,84 min
1161,The Tin Drum,Volker Schlöndorff,3000000,17000000,142 min
1162,The Ruling Class,Peter Medak,0,0,154 min
1163,Mina Tannenbaum,Martine Dugowson,0,0,128 min
1167,Dear God,Garry Marshall,0,0,112 min
1170,Best of the Best 3: No Turning Back,Phillip Rhee,0,0,90 min
1171,Bob Roberts,Tim Robbins,3900000,8000000,102 min
1172,Cinema Paradiso,Giuseppe Tornatore,5000000,11990401,174 min
1173,"The Cook, the Thief, His Wife & Her Lover",Peter Greenaway,2300000,7724701,124 min
1175,Delicatessen,"Marc Caro, Jean-Pierre Jeunet",4000000,1794187,99 min
1176,The Double Life of Véronique,Krzysztof Kieslowski,0,1999955,98 min
1177,Enchanted April,Mike Newell,0,13200170,95 min
1178,Paths of Glory,Stanley Kubrick,935000,1200000,88 min
1179,The Grifters,Stephen Frears,0,13446769,110 min
1180,Hear My Song,Peter Chelsom,0,0,104 min
1183,The English Patient,Anthony Minghella,27000000,231976425,162 min
1184,Mediterraneo,Gabriele Salvatores,0,4532791,96 min
1185,My Left Foot,Jim Sheridan,645180,14743391,103 min
1186,"Sex, Lies, and Videotape",Steven Soderbergh,1200000,24741667,100 min
1187,Passion Fish,John Sayles,5000000,4814619,135 min
1188,Strictly Ballroom,Baz Luhrmann,3000000,33946224,94 min
1189,The Thin Blue Line,Errol Morris,0,1209846,101 min
1190,Tie Me Up! Tie Me Down!,Pedro Almodóvar,0,3125224,101 min
1191,Madonna: Truth or Dare,Alek Keshishian,0,0,120 min
1192,Paris Is Burning,Jennie Livingston,500000,3800000,78 min
1193,One Flew Over the Cuckoo's Nest,Milos Forman,3000000,108981275,133 min
1194,Up in Smoke,"Lou Adler, Tommy Chong",0,41590893,86 min
1196,Star Wars: Episode V - The Empire Strikes Back,Irvin Kershner,18000000,538400000,124 min
1197,The Princess Bride,Rob Reiner,16000000,30900000,98 min
1198,Raiders of the Lost Ark,Steven Spielberg,18000000,389925971,115 min
1199,Brazil,Terry Gilliam,15000000,9900000,132 min
1200,Aliens,James Cameron,18500000,183316455,137 min
1201,"The Good, the Bad and the Ugly",Sergio Leone,1200000,38900000,178 min
1202,Withnail and I,Bruce Robinson,0,1544889,107 min
1203,12 Angry Men,Sidney Lumet,397751,4360000,96 min
1204,Lawrence of Arabia,David Lean,15000000,69995385,227 min
1206,A Clockwork Orange,Stanley Kubrick,2200000,27033812,136 min
1207,To Kill a Mockingbird,Robert Mulligan,2000000,13129846,129 min
1208,Apocalypse Now,Francis Ford Coppola,31500000,150000000,147 min
1209,Once Upon a Time in the West,Sergio Leone,5000000,5380118,166 min
1210,Star Wars: Episode VI - Return of the Jedi,Richard Marquand,32350000,572700000,131 min
1211,Wings of Desire,Wim Wenders,2500000,3210139,128 min
1212,The Third Man,Carol Reed,0,1226098,93 min
1213,Goodfellas,Martin Scorsese,25000000,46800000,145 min
1214,Alien,Ridley Scott,11000000,104931801,117 min
1215,Army of Darkness,Sam Raimi,11000000,21502976,81 min
1216,The Big Blue,Luc Besson,14390509,0,168 min
1217,Ran,Akira Kurosawa,11500005,11859533,160 min
1218,The Killer,John Woo,0,2350174,111 min
1219,Psycho,Alfred Hitchcock,806947,50048065,109 min
1220,The Blues Brothers,John Landis,27000000,115229890,133 min
1221,The Godfather Part II,Francis Ford Coppola,13000000,102600000,202 min
1222,Full Metal Jacket,Stanley Kubrick,30000000,46357676,116 min
1223,Wallace & Gromit: A Grand Day Out,Nick Park,17300,40118,23 min
1224,Henry V,Kenneth Branagh,9000000,10161211,137 min
1225,Amadeus,Milos Forman,18000000,90007557,160 min
1226,The Quiet Man,John Ford,1750000,3800000,129 min
1227,Once Upon a Time in America,Sergio Leone,30000000,5500000,229 min
1228,Raging Bull,Martin Scorsese,18000000,23380203,129 min
1230,Annie Hall,Woody Allen,4000000,38288028,93 min
1231,The Right Stuff,Philip Kaufman,27000000,21500000,193 min
1232,Stalker,Andrei Tarkovsky,120000,0,162 min
1233,Das Boot,Wolfgang Petersen,14000000,85000000,149 min
1234,The Sting,George Roy Hill,5500000,159616327,129 min
1235,Harold and Maude,Hal Ashby,1200000,0,91 min
1236,Trust,Hal Hartley,700000,0,107 min
1237,The Seventh Seal,Ingmar Bergman,150000,311212,96 min
1238,Local Hero,Bill Forsyth,4200000,5900000,111 min
1240,The Terminator,James Cameron,6400000,78371200,107 min
1241,Dead Alive,Peter Jackson,3000000,242623,104 min
1242,Glory,Edward Zwick,18000000,26800000,122 min
1243,Rosencrantz & Guildenstern Are Dead,Tom Stoppard,0,0,117 min
1244,Manhattan,Woody Allen,9000000,40194067,96 min
1245,Miller's Crossing,"Joel Coen, Ethan Coen",14000000,5080409,115 min
1246,Dead Poets Society,Peter Weir,16400000,235900000,128 min
1247,The Graduate,Mike Nichols,3000000,104945305,106 min
1248,Touch of Evil,Orson Welles,829000,2247500,95 min
1249,La Femme Nikita,Luc Besson,8538703,5000000,117 min
1250,The Bridge on the River Kwai,David Lean,3000000,44908000,161 min
1251,8½,Federico Fellini,0,0,138 min
1252,Chinatown,Roman Polanski,6000000,30000000,130 min
1253,The Day the Earth Stood Still,Robert Wise,995000,1850000,92 min
1254,The Treasure of the Sierra Madre,John Huston,3800000,4307000,126 min
1255,Bad Taste,Peter Jackson,150000,0,91 min
1256,Duck Soup,Leo McCarey,0,0,69 min
1257,Better Off Dead,Savage Steve Holland,0,10297601,97 min
1258,The Shining,Stanley Kubrick,19000000,44781695,146 min
1259,Stand by Me,Rob Reiner,8000000,52300000,89 min
1260,M,Fritz Lang,0,35274,99 min
1261,Evil Dead II,Sam Raimi,3500000,10900000,84 min
1262,The Great Escape,John Sturges,4000000,11700000,172 min
1263,The Deer Hunter,Michael Cimino,15000000,49000000,183 min
1264,Diva,Jean-Jacques Beineix,0,0,117 min
1265,Groundhog Day,Harold Ramis,14600000,71108778,101 min
1266,Unforgiven,Clint Eastwood,14400000,159157447,130 min
1267,The Manchurian Candidate,John Frankenheimer,2200000,7700000,126 min
1268,Pump Up the Volume,Allan Moyle,0,11500000,102 min
1269,Arsenic and Old Lace,Frank Capra,1120175,0,118 min
1270,Back to the Future,Robert Zemeckis,19000000,381109762,116 min
1271,Fried Green Tomatoes,Jon Avnet,11000000,119400000,130 min
1272,Patton,Franklin J. Schaffner,12000000,89800000,172 min
1273,Down by Law,Jim Jarmusch,0,0,107 min
1274,Akira,Katsuhiro Ôtomo,5700000,49000000,124 min
1275,Highlander,Russell Mulcahy,19000000,12900000,116 min
1276,Cool Hand Luke,Stuart Rosenberg,3200000,16217773,127 min
1277,Cyrano de Bergerac,Jean-Paul Rappeneau,0,5822041,137 min
1278,Young Frankenstein,Mel Brooks,2800000,86273333,106 min
1279,Night on Earth,Jim Jarmusch,3500000,2015810,129 min
1280,Raise the Red Lantern,Yimou Zhang,1000000,16600000,125 min
1281,The Great Dictator,Charles Chaplin,2000000,11000000,125 min
1282,Fantasia,"James Algar, Samuel Armstrong, Ford Beebe Jr.",2280000,76411819,124 min
1283,High Noon,Fred Zinnemann,730000,8000000,85 min
1284,The Big Sleep,Howard Hawks,250000,10682000,114 min
1285,Heathers,Michael Lehmann,3000000,1166207,103 min
1286,Somewhere in Time,Jeannot Szwarc,5100000,0,103 min
1287,Ben-Hur,William Wyler,15000000,164000000,212 min
1288,This Is Spinal Tap,Rob Reiner,2500000,4737539,82 min
1289,Koyaanisqatsi,Godfrey Reggio,600000,3200000,86 min
1290,Some Kind of Wonderful,Howard Deutch,0,18553948,95 min
1291,Indiana Jones and the Last Crusade,Steven Spielberg,48000000,474171806,127 min
1292,Being There,Hal Ashby,0,30177511,130 min
1293,Gandhi,Richard Attenborough,22000000,77737889,191 min
1295,The Unbearable Lightness of Being,Philip Kaufman,17000000,10000000,171 min
1296,A Room with a View,James Ivory,3000000,20966644,117 min
1297,Real Genius,Martha Coolidge,8000000,12952019,108 min
1298,Pink Floyd: The Wall,Alan Parker,12000000,22244207,95 min
1299,The Killing Fields,Roland Joffé,14400000,34700291,141 min
1300,My Life as a Dog,Lasse Hallström,0,8300000,101 min
1301,Forbidden Planet,Fred M. Wilcox,1900000,3250000,98 min
32892,Ivan's Childhood,"Andrei Tarkovsky, Eduard Abalov",0,0,95 min
3223,A Zed & Two Noughts,Peter Greenaway,0,0,115 min
7564,Kwaidan,Masaki Kobayashi,0,0,183 min
70946,Troll 2,Claudio Fragasso,65000,0,95 min
26409,The Clonus Horror,Robert S. Fiveson,257000,0,90 min
160565,The Purge: Election Year,James DeMonaco,10000000,118587880,108 min
121097,To Grandmother's House We Go,Jeff Franklin,0,0,96 min
2068,Fanny and Alexander,Ingmar Bergman,6000000,6800000,188 min
84847,Emma,N/A,None,None,240 min
1,Toy Story,John Lasseter,None,None,81 min
81132,Rubber,Quentin Dupieux,None,None,82 min
26701,Patlabor: The Movie,"Mamoru Oshii, Kôji Sawai",None,None,100 min
1,Toy Story,John Lasseter,None,None,81 min
1,Toy Story,John Lasseter,None,None,81 min
81132,Rubber,Quentin Dupieux,None,None,82 min
26701,Patlabor: The Movie,"Mamoru Oshii, Kôji Sawai",None,None,100 min
1,Toy Story,John Lasseter,None,None,81 min
1,Toy Story,John Lasseter,None,None,81 min
81132,Rubber,Quentin Dupieux,None,None,82 min
26701,Patlabor: The Movie,"Mamoru Oshii, Kôji Sawai",None,None,100 min
1,Toy Story,John Lasseter,None,None,81 min
1,Toy Story,John Lasseter,None,None,81 min
81132,Rubber,Quentin Dupieux,None,None,82 min
26701,Patlabor: The Movie,"Mamoru Oshii, Kôji Sawai",None,None,100 min
1,Toy Story,John Lasseter,None,None,81 min
1,Toy Story,John Lasseter,30000000,394436586,81 min
81132,Rubber,Quentin Dupieux,500000,98017,82 min
26701,Patlabor: The Movie,"Mamoru Oshii, Kôji Sawai",0,0,100 min
1,Toy Story,John Lasseter,30000000,394436586,81 min
1,Toy Story,John Lasseter,None,None,81 min
81132,Rubber,Quentin Dupieux,None,None,82 min
26701,Patlabor: The Movie,"Mamoru Oshii, Kôji Sawai",None,None,100 min
1,Toy Story,John Lasseter,None,None,81 min
1,Toy Story,John Lasseter,None,None,81 min
81132,Rubber,Quentin Dupieux,None,None,82 min
26701,Patlabor: The Movie,"Mamoru Oshii, Kôji Sawai",None,None,100 min
1,Toy Story,John Lasseter,None,None,81 min
1,Toy Story,John Lasseter,None,None,81 min
81132,Rubber,Quentin Dupieux,None,None,82 min
26701,Patlabor: The Movie,"Mamoru Oshii, Kôji Sawai",None,None,100 min
1,Toy Story,John Lasseter,None,None,81 min
1,Toy Story,John Lasseter,None,None,81 min
81132,Rubber,Quentin Dupieux,None,None,82 min
26701,Patlabor: The Movie,"Mamoru Oshii, Kôji Sawai",None,None,100 min
1,Toy Story,John Lasseter,None,None,81 min
1,Toy Story,John Lasseter,None,None,81 min
81132,Rubber,Quentin Dupieux,None,None,82 min
26701,Patlabor: The Movie,"Mamoru Oshii, Kôji Sawai",None,None,100 min
1,Toy Story,John Lasseter,None,None,81 min
1,Toy Story,John Lasseter,30000000,394436586,81 min
81132,Rubber,Quentin Dupieux,500000,98017,82 min
26701,Patlabor: The Movie,"Mamoru Oshii, Kôji Sawai",0,0,100 min
1,Toy Story,John Lasseter,30000000,394436586,81 min
